"Benchmark","Mode","Threads","Samples","Score","Score Error (99,9%)","Unit","Param: metodoObjetivo","Param: rutaClases"
"dinamica.MetodoBenchmark.medirMetodo","thrpt",1,5,"0,080567","0,082177","ops/ns",de.adorsys.keycloak.config.model.WorkflowRepresentation#getName,/home/tania/Documentos/ejemplojava/keycloak-config-cli-main/target/classes
"dinamica.MetodoBenchmark.medirMetodo:gc.alloc.rate","thrpt",1,5,"1218,446350","1277,075162","MB/sec",de.adorsys.keycloak.config.model.WorkflowRepresentation#getName,/home/tania/Documentos/ejemplojava/keycloak-config-cli-main/target/classes
"dinamica.MetodoBenchmark.medirMetodo:gc.alloc.rate.norm","thrpt",1,5,"15,853925","1,259277","B/op",de.adorsys.keycloak.config.model.WorkflowRepresentation#getName,/home/tania/Documentos/ejemplojava/keycloak-config-cli-main/target/classes
"dinamica.MetodoBenchmark.medirMetodo:gc.count","thrpt",1,5,"4,000000",NaN,"counts",de.adorsys.keycloak.config.model.WorkflowRepresentation#getName,/home/tania/Documentos/ejemplojava/keycloak-config-cli-main/target/classes
"dinamica.MetodoBenchmark.medirMetodo:gc.time","thrpt",1,5,"13,000000",NaN,"ms",de.adorsys.keycloak.config.model.WorkflowRepresentation#getName,/home/tania/Documentos/ejemplojava/keycloak-config-cli-main/target/classes
"dinamica.MetodoBenchmark.medirMetodo","thrpt",1,5,"0,087230","0,105353","ops/ns",de.adorsys.keycloak.config.model.WorkflowRepresentation#getId,/home/tania/Documentos/ejemplojava/keycloak-config-cli-main/target/classes
"dinamica.MetodoBenchmark.medirMetodo:gc.alloc.rate","thrpt",1,5,"1323,791316","1622,480730","MB/sec",de.adorsys.keycloak.config.model.WorkflowRepresentation#getId,/home/tania/Documentos/ejemplojava/keycloak-config-cli-main/target/classes
"dinamica.MetodoBenchmark.medirMetodo:gc.alloc.rate.norm","thrpt",1,5,"15,909007","0,783739","B/op",de.adorsys.keycloak.config.model.WorkflowRepresentation#getId,/home/tania/Documentos/ejemplojava/keycloak-config-cli-main/target/classes
"dinamica.MetodoBenchmark.medirMetodo:gc.count","thrpt",1,5,"4,000000",NaN,"counts",de.adorsys.keycloak.config.model.WorkflowRepresentation#getId,/home/tania/Documentos/ejemplojava/keycloak-config-cli-main/target/classes
"dinamica.MetodoBenchmark.medirMetodo:gc.time","thrpt",1,5,"13,000000",NaN,"ms",de.adorsys.keycloak.config.model.WorkflowRepresentation#getId,/home/tania/Documentos/ejemplojava/keycloak-config-cli-main/target/classes
"dinamica.MetodoBenchmark.medirMetodo","thrpt",1,5,"0,078594","0,078326","ops/ns",de.adorsys.keycloak.config.model.WorkflowRepresentation#getState,/home/tania/Documentos/ejemplojava/keycloak-config-cli-main/target/classes
"dinamica.MetodoBenchmark.medirMetodo:gc.alloc.rate","thrpt",1,5,"1180,340987","1257,976584","MB/sec",de.adorsys.keycloak.config.model.WorkflowRepresentation#getState,/home/tania/Documentos/ejemplojava/keycloak-config-cli-main/target/classes
"dinamica.MetodoBenchmark.medirMetodo:gc.alloc.rate.norm","thrpt",1,5,"15,713383","2,469379","B/op",de.adorsys.keycloak.config.model.WorkflowRepresentation#getState,/home/tania/Documentos/ejemplojava/keycloak-config-cli-main/target/classes
"dinamica.MetodoBenchmark.medirMetodo:gc.count","thrpt",1,5,"4,000000",NaN,"counts",de.adorsys.keycloak.config.model.WorkflowRepresentation#getState,/home/tania/Documentos/ejemplojava/keycloak-config-cli-main/target/classes
"dinamica.MetodoBenchmark.medirMetodo:gc.time","thrpt",1,5,"14,000000",NaN,"ms",de.adorsys.keycloak.config.model.WorkflowRepresentation#getState,/home/tania/Documentos/ejemplojava/keycloak-config-cli-main/target/classes
"dinamica.MetodoBenchmark.medirMetodo","thrpt",1,5,"0,081502","0,098503","ops/ns",de.adorsys.keycloak.config.model.WorkflowRepresentation#getEnabled,/home/tania/Documentos/ejemplojava/keycloak-config-cli-main/target/classes
"dinamica.MetodoBenchmark.medirMetodo:gc.alloc.rate","thrpt",1,5,"1236,497667","1528,262900","MB/sec",de.adorsys.keycloak.config.model.WorkflowRepresentation#getEnabled,/home/tania/Documentos/ejemplojava/keycloak-config-cli-main/target/classes
"dinamica.MetodoBenchmark.medirMetodo:gc.alloc.rate.norm","thrpt",1,5,"15,891833","0,931708","B/op",de.adorsys.keycloak.config.model.WorkflowRepresentation#getEnabled,/home/tania/Documentos/ejemplojava/keycloak-config-cli-main/target/classes
"dinamica.MetodoBenchmark.medirMetodo:gc.count","thrpt",1,5,"4,000000",NaN,"counts",de.adorsys.keycloak.config.model.WorkflowRepresentation#getEnabled,/home/tania/Documentos/ejemplojava/keycloak-config-cli-main/target/classes
"dinamica.MetodoBenchmark.medirMetodo:gc.time","thrpt",1,5,"17,000000",NaN,"ms",de.adorsys.keycloak.config.model.WorkflowRepresentation#getEnabled,/home/tania/Documentos/ejemplojava/keycloak-config-cli-main/target/classes
"dinamica.MetodoBenchmark.medirMetodo","thrpt",1,5,"0,059559","0,121633","ops/ns",de.adorsys.keycloak.config.model.WorkflowRepresentation#getOn,/home/tania/Documentos/ejemplojava/keycloak-config-cli-main/target/classes
"dinamica.MetodoBenchmark.medirMetodo:gc.alloc.rate","thrpt",1,5,"901,882951","1844,676106","MB/sec",de.adorsys.keycloak.config.model.WorkflowRepresentation#getOn,/home/tania/Documentos/ejemplojava/keycloak-config-cli-main/target/classes
"dinamica.MetodoBenchmark.medirMetodo:gc.alloc.rate.norm","thrpt",1,5,"15,910653","0,770495","B/op",de.adorsys.keycloak.config.model.WorkflowRepresentation#getOn,/home/tania/Documentos/ejemplojava/keycloak-config-cli-main/target/classes
"dinamica.MetodoBenchmark.medirMetodo:gc.count","thrpt",1,5,"3,000000",NaN,"counts",de.adorsys.keycloak.config.model.WorkflowRepresentation#getOn,/home/tania/Documentos/ejemplojava/keycloak-config-cli-main/target/classes
"dinamica.MetodoBenchmark.medirMetodo:gc.time","thrpt",1,5,"13,000000",NaN,"ms",de.adorsys.keycloak.config.model.WorkflowRepresentation#getOn,/home/tania/Documentos/ejemplojava/keycloak-config-cli-main/target/classes
"dinamica.MetodoBenchmark.medirMetodo","thrpt",1,5,"0,119910","0,017416","ops/ns",de.adorsys.keycloak.config.model.WorkflowRepresentation#getSchedule,/home/tania/Documentos/ejemplojava/keycloak-config-cli-main/target/classes
"dinamica.MetodoBenchmark.medirMetodo:gc.alloc.rate","thrpt",1,5,"4,000297","34,330923","MB/sec",de.adorsys.keycloak.config.model.WorkflowRepresentation#getSchedule,/home/tania/Documentos/ejemplojava/keycloak-config-cli-main/target/classes
"dinamica.MetodoBenchmark.medirMetodo:gc.alloc.rate.norm","thrpt",1,5,"0,036615","0,314291","B/op",de.adorsys.keycloak.config.model.WorkflowRepresentation#getSchedule,/home/tania/Documentos/ejemplojava/keycloak-config-cli-main/target/classes
"dinamica.MetodoBenchmark.medirMetodo:gc.count","thrpt",1,5,"0,000000",NaN,"counts",de.adorsys.keycloak.config.model.WorkflowRepresentation#getSchedule,/home/tania/Documentos/ejemplojava/keycloak-config-cli-main/target/classes
"dinamica.MetodoBenchmark.medirMetodo","thrpt",1,5,"0,111927","0,027648","ops/ns",de.adorsys.keycloak.config.model.WorkflowRepresentation#getConcurrency,/home/tania/Documentos/ejemplojava/keycloak-config-cli-main/target/classes
"dinamica.MetodoBenchmark.medirMetodo:gc.alloc.rate","thrpt",1,5,"7,499259","64,458166","MB/sec",de.adorsys.keycloak.config.model.WorkflowRepresentation#getConcurrency,/home/tania/Documentos/ejemplojava/keycloak-config-cli-main/target/classes
"dinamica.MetodoBenchmark.medirMetodo:gc.alloc.rate.norm","thrpt",1,5,"0,077767","0,668564","B/op",de.adorsys.keycloak.config.model.WorkflowRepresentation#getConcurrency,/home/tania/Documentos/ejemplojava/keycloak-config-cli-main/target/classes
"dinamica.MetodoBenchmark.medirMetodo:gc.count","thrpt",1,5,"0,000000",NaN,"counts",de.adorsys.keycloak.config.model.WorkflowRepresentation#getConcurrency,/home/tania/Documentos/ejemplojava/keycloak-config-cli-main/target/classes
"dinamica.MetodoBenchmark.medirMetodo","thrpt",1,5,"0,124721","0,024893","ops/ns",de.adorsys.keycloak.config.model.WorkflowRepresentation#getCondition,/home/tania/Documentos/ejemplojava/keycloak-config-cli-main/target/classes
"dinamica.MetodoBenchmark.medirMetodo:gc.alloc.rate","thrpt",1,5,"4,798610","41,204490","MB/sec",de.adorsys.keycloak.config.model.WorkflowRepresentation#getCondition,/home/tania/Documentos/ejemplojava/keycloak-config-cli-main/target/classes
"dinamica.MetodoBenchmark.medirMetodo:gc.alloc.rate.norm","thrpt",1,5,"0,041875","0,359612","B/op",de.adorsys.keycloak.config.model.WorkflowRepresentation#getCondition,/home/tania/Documentos/ejemplojava/keycloak-config-cli-main/target/classes
"dinamica.MetodoBenchmark.medirMetodo:gc.count","thrpt",1,5,"0,000000",NaN,"counts",de.adorsys.keycloak.config.model.WorkflowRepresentation#getCondition,/home/tania/Documentos/ejemplojava/keycloak-config-cli-main/target/classes
"dinamica.MetodoBenchmark.medirMetodo","thrpt",1,5,"0,081686","0,102556","ops/ns",de.adorsys.keycloak.config.model.WorkflowRepresentation#getSteps,/home/tania/Documentos/ejemplojava/keycloak-config-cli-main/target/classes
"dinamica.MetodoBenchmark.medirMetodo:gc.alloc.rate","thrpt",1,5,"1234,577604","1599,970672","MB/sec",de.adorsys.keycloak.config.model.WorkflowRepresentation#getSteps,/home/tania/Documentos/ejemplojava/keycloak-config-cli-main/target/classes
"dinamica.MetodoBenchmark.medirMetodo:gc.alloc.rate.norm","thrpt",1,5,"15,822209","1,532346","B/op",de.adorsys.keycloak.config.model.WorkflowRepresentation#getSteps,/home/tania/Documentos/ejemplojava/keycloak-config-cli-main/target/classes
"dinamica.MetodoBenchmark.medirMetodo:gc.count","thrpt",1,5,"4,000000",NaN,"counts",de.adorsys.keycloak.config.model.WorkflowRepresentation#getSteps,/home/tania/Documentos/ejemplojava/keycloak-config-cli-main/target/classes
"dinamica.MetodoBenchmark.medirMetodo:gc.time","thrpt",1,5,"16,000000",NaN,"ms",de.adorsys.keycloak.config.model.WorkflowRepresentation#getSteps,/home/tania/Documentos/ejemplojava/keycloak-config-cli-main/target/classes
"dinamica.MetodoBenchmark.medirMetodo","thrpt",1,5,"0,076239","0,073784","ops/ns",de.adorsys.keycloak.config.model.WorkflowRepresentation#getCancelInProgress,/home/tania/Documentos/ejemplojava/keycloak-config-cli-main/target/classes
"dinamica.MetodoBenchmark.medirMetodo:gc.alloc.rate","thrpt",1,5,"1162,068179","1124,700679","MB/sec",de.adorsys.keycloak.config.model.WorkflowRepresentation#getCancelInProgress,/home/tania/Documentos/ejemplojava/keycloak-config-cli-main/target/classes
"dinamica.MetodoBenchmark.medirMetodo:gc.alloc.rate.norm","thrpt",1,5,"16,000196","0,000189","B/op",de.adorsys.keycloak.config.model.WorkflowRepresentation#getCancelInProgress,/home/tania/Documentos/ejemplojava/keycloak-config-cli-main/target/classes
"dinamica.MetodoBenchmark.medirMetodo:gc.count","thrpt",1,5,"4,000000",NaN,"counts",de.adorsys.keycloak.config.model.WorkflowRepresentation#getCancelInProgress,/home/tania/Documentos/ejemplojava/keycloak-config-cli-main/target/classes
"dinamica.MetodoBenchmark.medirMetodo:gc.time","thrpt",1,5,"15,000000",NaN,"ms",de.adorsys.keycloak.config.model.WorkflowRepresentation#getCancelInProgress,/home/tania/Documentos/ejemplojava/keycloak-config-cli-main/target/classes
"dinamica.MetodoBenchmark.medirMetodo","thrpt",1,5,"0,086493","0,090999","ops/ns",de.adorsys.keycloak.config.model.WorkflowRepresentation#getRestartInProgress,/home/tania/Documentos/ejemplojava/keycloak-config-cli-main/target/classes
"dinamica.MetodoBenchmark.medirMetodo:gc.alloc.rate","thrpt",1,5,"1305,975532","1436,460513","MB/sec",de.adorsys.keycloak.config.model.WorkflowRepresentation#getRestartInProgress,/home/tania/Documentos/ejemplojava/keycloak-config-cli-main/target/classes
"dinamica.MetodoBenchmark.medirMetodo:gc.alloc.rate.norm","thrpt",1,5,"15,806382","1,668489","B/op",de.adorsys.keycloak.config.model.WorkflowRepresentation#getRestartInProgress,/home/tania/Documentos/ejemplojava/keycloak-config-cli-main/target/classes
"dinamica.MetodoBenchmark.medirMetodo:gc.count","thrpt",1,5,"4,000000",NaN,"counts",de.adorsys.keycloak.config.model.WorkflowRepresentation#getRestartInProgress,/home/tania/Documentos/ejemplojava/keycloak-config-cli-main/target/classes
"dinamica.MetodoBenchmark.medirMetodo:gc.time","thrpt",1,5,"13,000000",NaN,"ms",de.adorsys.keycloak.config.model.WorkflowRepresentation#getRestartInProgress,/home/tania/Documentos/ejemplojava/keycloak-config-cli-main/target/classes
"dinamica.MetodoBenchmark.medirMetodo","avgt",1,5,"11,822301","13,859266","ns/op",de.adorsys.keycloak.config.model.WorkflowRepresentation#getName,/home/tania/Documentos/ejemplojava/keycloak-config-cli-main/target/classes
"dinamica.MetodoBenchmark.medirMetodo:gc.alloc.rate","avgt",1,5,"1391,402179","1825,622342","MB/sec",de.adorsys.keycloak.config.model.WorkflowRepresentation#getName,/home/tania/Documentos/ejemplojava/keycloak-config-cli-main/target/classes
"dinamica.MetodoBenchmark.medirMetodo:gc.alloc.rate.norm","avgt",1,5,"15,830524","1,460524","B/op",de.adorsys.keycloak.config.model.WorkflowRepresentation#getName,/home/tania/Documentos/ejemplojava/keycloak-config-cli-main/target/classes
"dinamica.MetodoBenchmark.medirMetodo:gc.count","avgt",1,5,"4,000000",NaN,"counts",de.adorsys.keycloak.config.model.WorkflowRepresentation#getName,/home/tania/Documentos/ejemplojava/keycloak-config-cli-main/target/classes
"dinamica.MetodoBenchmark.medirMetodo:gc.time","avgt",1,5,"15,000000",NaN,"ms",de.adorsys.keycloak.config.model.WorkflowRepresentation#getName,/home/tania/Documentos/ejemplojava/keycloak-config-cli-main/target/classes
"dinamica.MetodoBenchmark.medirMetodo","avgt",1,5,"11,609402","11,407327","ns/op",de.adorsys.keycloak.config.model.WorkflowRepresentation#getId,/home/tania/Documentos/ejemplojava/keycloak-config-cli-main/target/classes
"dinamica.MetodoBenchmark.medirMetodo:gc.alloc.rate","avgt",1,5,"1379,666616","1442,805259","MB/sec",de.adorsys.keycloak.config.model.WorkflowRepresentation#getId,/home/tania/Documentos/ejemplojava/keycloak-config-cli-main/target/classes
"dinamica.MetodoBenchmark.medirMetodo:gc.alloc.rate.norm","avgt",1,5,"15,881100","1,025069","B/op",de.adorsys.keycloak.config.model.WorkflowRepresentation#getId,/home/tania/Documentos/ejemplojava/keycloak-config-cli-main/target/classes
"dinamica.MetodoBenchmark.medirMetodo:gc.count","avgt",1,5,"4,000000",NaN,"counts",de.adorsys.keycloak.config.model.WorkflowRepresentation#getId,/home/tania/Documentos/ejemplojava/keycloak-config-cli-main/target/classes
"dinamica.MetodoBenchmark.medirMetodo:gc.time","avgt",1,5,"14,000000",NaN,"ms",de.adorsys.keycloak.config.model.WorkflowRepresentation#getId,/home/tania/Documentos/ejemplojava/keycloak-config-cli-main/target/classes
"dinamica.MetodoBenchmark.medirMetodo","avgt",1,5,"11,914329","11,442284","ns/op",de.adorsys.keycloak.config.model.WorkflowRepresentation#getState,/home/tania/Documentos/ejemplojava/keycloak-config-cli-main/target/classes
"dinamica.MetodoBenchmark.medirMetodo:gc.alloc.rate","avgt",1,5,"1345,897691","1412,705548","MB/sec",de.adorsys.keycloak.config.model.WorkflowRepresentation#getState,/home/tania/Documentos/ejemplojava/keycloak-config-cli-main/target/classes
"dinamica.MetodoBenchmark.medirMetodo:gc.alloc.rate.norm","avgt",1,5,"15,921714","0,674366","B/op",de.adorsys.keycloak.config.model.WorkflowRepresentation#getState,/home/tania/Documentos/ejemplojava/keycloak-config-cli-main/target/classes
"dinamica.MetodoBenchmark.medirMetodo:gc.count","avgt",1,5,"4,000000",NaN,"counts",de.adorsys.keycloak.config.model.WorkflowRepresentation#getState,/home/tania/Documentos/ejemplojava/keycloak-config-cli-main/target/classes
"dinamica.MetodoBenchmark.medirMetodo:gc.time","avgt",1,5,"14,000000",NaN,"ms",de.adorsys.keycloak.config.model.WorkflowRepresentation#getState,/home/tania/Documentos/ejemplojava/keycloak-config-cli-main/target/classes
"dinamica.MetodoBenchmark.medirMetodo","avgt",1,5,"12,144561","12,295772","ns/op",de.adorsys.keycloak.config.model.WorkflowRepresentation#getEnabled,/home/tania/Documentos/ejemplojava/keycloak-config-cli-main/target/classes
"dinamica.MetodoBenchmark.medirMetodo:gc.alloc.rate","avgt",1,5,"1325,589037","1483,945482","MB/sec",de.adorsys.keycloak.config.model.WorkflowRepresentation#getEnabled,/home/tania/Documentos/ejemplojava/keycloak-config-cli-main/target/classes
"dinamica.MetodoBenchmark.medirMetodo:gc.alloc.rate.norm","avgt",1,5,"15,870980","1,112292","B/op",de.adorsys.keycloak.config.model.WorkflowRepresentation#getEnabled,/home/tania/Documentos/ejemplojava/keycloak-config-cli-main/target/classes
"dinamica.MetodoBenchmark.medirMetodo:gc.count","avgt",1,5,"4,000000",NaN,"counts",de.adorsys.keycloak.config.model.WorkflowRepresentation#getEnabled,/home/tania/Documentos/ejemplojava/keycloak-config-cli-main/target/classes
"dinamica.MetodoBenchmark.medirMetodo:gc.time","avgt",1,5,"14,000000",NaN,"ms",de.adorsys.keycloak.config.model.WorkflowRepresentation#getEnabled,/home/tania/Documentos/ejemplojava/keycloak-config-cli-main/target/classes
"dinamica.MetodoBenchmark.medirMetodo","avgt",1,5,"12,855584","15,604404","ns/op",de.adorsys.keycloak.config.model.WorkflowRepresentation#getOn,/home/tania/Documentos/ejemplojava/keycloak-config-cli-main/target/classes
"dinamica.MetodoBenchmark.medirMetodo:gc.alloc.rate","avgt",1,5,"1287,993595","1719,069008","MB/sec",de.adorsys.keycloak.config.model.WorkflowRepresentation#getOn,/home/tania/Documentos/ejemplojava/keycloak-config-cli-main/target/classes
"dinamica.MetodoBenchmark.medirMetodo:gc.alloc.rate.norm","avgt",1,5,"15,880213","1,032872","B/op",de.adorsys.keycloak.config.model.WorkflowRepresentation#getOn,/home/tania/Documentos/ejemplojava/keycloak-config-cli-main/target/classes
"dinamica.MetodoBenchmark.medirMetodo:gc.count","avgt",1,5,"4,000000",NaN,"counts",de.adorsys.keycloak.config.model.WorkflowRepresentation#getOn,/home/tania/Documentos/ejemplojava/keycloak-config-cli-main/target/classes
"dinamica.MetodoBenchmark.medirMetodo:gc.time","avgt",1,5,"14,000000",NaN,"ms",de.adorsys.keycloak.config.model.WorkflowRepresentation#getOn,/home/tania/Documentos/ejemplojava/keycloak-config-cli-main/target/classes
"dinamica.MetodoBenchmark.medirMetodo","avgt",1,5,"13,293346","4,478088","ns/op",de.adorsys.keycloak.config.model.WorkflowRepresentation#getSchedule,/home/tania/Documentos/ejemplojava/keycloak-config-cli-main/target/classes
"dinamica.MetodoBenchmark.medirMetodo:gc.alloc.rate","avgt",1,5,"1148,414710","394,130045","MB/sec",de.adorsys.keycloak.config.model.WorkflowRepresentation#getSchedule,/home/tania/Documentos/ejemplojava/keycloak-config-cli-main/target/classes
"dinamica.MetodoBenchmark.medirMetodo:gc.alloc.rate.norm","avgt",1,5,"15,923404","0,660031","B/op",de.adorsys.keycloak.config.model.WorkflowRepresentation#getSchedule,/home/tania/Documentos/ejemplojava/keycloak-config-cli-main/target/classes
"dinamica.MetodoBenchmark.medirMetodo:gc.count","avgt",1,5,"4,000000",NaN,"counts",de.adorsys.keycloak.config.model.WorkflowRepresentation#getSchedule,/home/tania/Documentos/ejemplojava/keycloak-config-cli-main/target/classes
"dinamica.MetodoBenchmark.medirMetodo:gc.time","avgt",1,5,"14,000000",NaN,"ms",de.adorsys.keycloak.config.model.WorkflowRepresentation#getSchedule,/home/tania/Documentos/ejemplojava/keycloak-config-cli-main/target/classes
"dinamica.MetodoBenchmark.medirMetodo","avgt",1,5,"15,969714","19,442866","ns/op",de.adorsys.keycloak.config.model.WorkflowRepresentation#getConcurrency,/home/tania/Documentos/ejemplojava/keycloak-config-cli-main/target/classes
"dinamica.MetodoBenchmark.medirMetodo:gc.alloc.rate","avgt",1,5,"1031,674937","1361,143526","MB/sec",de.adorsys.keycloak.config.model.WorkflowRepresentation#getConcurrency,/home/tania/Documentos/ejemplojava/keycloak-config-cli-main/target/classes
"dinamica.MetodoBenchmark.medirMetodo:gc.alloc.rate.norm","avgt",1,5,"15,828996","1,472691","B/op",de.adorsys.keycloak.config.model.WorkflowRepresentation#getConcurrency,/home/tania/Documentos/ejemplojava/keycloak-config-cli-main/target/classes
"dinamica.MetodoBenchmark.medirMetodo:gc.count","avgt",1,5,"3,000000",NaN,"counts",de.adorsys.keycloak.config.model.WorkflowRepresentation#getConcurrency,/home/tania/Documentos/ejemplojava/keycloak-config-cli-main/target/classes
"dinamica.MetodoBenchmark.medirMetodo:gc.time","avgt",1,5,"11,000000",NaN,"ms",de.adorsys.keycloak.config.model.WorkflowRepresentation#getConcurrency,/home/tania/Documentos/ejemplojava/keycloak-config-cli-main/target/classes
"dinamica.MetodoBenchmark.medirMetodo","avgt",1,5,"20,174494","29,223388","ns/op",de.adorsys.keycloak.config.model.WorkflowRepresentation#getCondition,/home/tania/Documentos/ejemplojava/keycloak-config-cli-main/target/classes
"dinamica.MetodoBenchmark.medirMetodo:gc.alloc.rate","avgt",1,5,"876,526356","1723,891471","MB/sec",de.adorsys.keycloak.config.model.WorkflowRepresentation#getCondition,/home/tania/Documentos/ejemplojava/keycloak-config-cli-main/target/classes
"dinamica.MetodoBenchmark.medirMetodo:gc.alloc.rate.norm","avgt",1,5,"15,809505","1,642492","B/op",de.adorsys.keycloak.config.model.WorkflowRepresentation#getCondition,/home/tania/Documentos/ejemplojava/keycloak-config-cli-main/target/classes
"dinamica.MetodoBenchmark.medirMetodo:gc.count","avgt",1,5,"3,000000",NaN,"counts",de.adorsys.keycloak.config.model.WorkflowRepresentation#getCondition,/home/tania/Documentos/ejemplojava/keycloak-config-cli-main/target/classes
"dinamica.MetodoBenchmark.medirMetodo:gc.time","avgt",1,5,"12,000000",NaN,"ms",de.adorsys.keycloak.config.model.WorkflowRepresentation#getCondition,/home/tania/Documentos/ejemplojava/keycloak-config-cli-main/target/classes
"dinamica.MetodoBenchmark.medirMetodo","avgt",1,5,"7,977602","2,329621","ns/op",de.adorsys.keycloak.config.model.WorkflowRepresentation#getSteps,/home/tania/Documentos/ejemplojava/keycloak-config-cli-main/target/classes
"dinamica.MetodoBenchmark.medirMetodo:gc.alloc.rate","avgt",1,5,"10,341820","88,933674","MB/sec",de.adorsys.keycloak.config.model.WorkflowRepresentation#getSteps,/home/tania/Documentos/ejemplojava/keycloak-config-cli-main/target/classes
"dinamica.MetodoBenchmark.medirMetodo:gc.alloc.rate.norm","avgt",1,5,"0,098321","0,845663","B/op",de.adorsys.keycloak.config.model.WorkflowRepresentation#getSteps,/home/tania/Documentos/ejemplojava/keycloak-config-cli-main/target/classes
"dinamica.MetodoBenchmark.medirMetodo:gc.count","avgt",1,5,"1,000000",NaN,"counts",de.adorsys.keycloak.config.model.WorkflowRepresentation#getSteps,/home/tania/Documentos/ejemplojava/keycloak-config-cli-main/target/classes
"dinamica.MetodoBenchmark.medirMetodo:gc.time","avgt",1,5,"5,000000",NaN,"ms",de.adorsys.keycloak.config.model.WorkflowRepresentation#getSteps,/home/tania/Documentos/ejemplojava/keycloak-config-cli-main/target/classes
"dinamica.MetodoBenchmark.medirMetodo","avgt",1,5,"11,950409","11,789108","ns/op",de.adorsys.keycloak.config.model.WorkflowRepresentation#getCancelInProgress,/home/tania/Documentos/ejemplojava/keycloak-config-cli-main/target/classes
"dinamica.MetodoBenchmark.medirMetodo:gc.alloc.rate","avgt",1,5,"1344,173072","1468,262643","MB/sec",de.adorsys.keycloak.config.model.WorkflowRepresentation#getCancelInProgress,/home/tania/Documentos/ejemplojava/keycloak-config-cli-main/target/classes
"dinamica.MetodoBenchmark.medirMetodo:gc.alloc.rate.norm","avgt",1,5,"15,883379","1,005490","B/op",de.adorsys.keycloak.config.model.WorkflowRepresentation#getCancelInProgress,/home/tania/Documentos/ejemplojava/keycloak-config-cli-main/target/classes
"dinamica.MetodoBenchmark.medirMetodo:gc.count","avgt",1,5,"4,000000",NaN,"counts",de.adorsys.keycloak.config.model.WorkflowRepresentation#getCancelInProgress,/home/tania/Documentos/ejemplojava/keycloak-config-cli-main/target/classes
"dinamica.MetodoBenchmark.medirMetodo:gc.time","avgt",1,5,"13,000000",NaN,"ms",de.adorsys.keycloak.config.model.WorkflowRepresentation#getCancelInProgress,/home/tania/Documentos/ejemplojava/keycloak-config-cli-main/target/classes
"dinamica.MetodoBenchmark.medirMetodo","avgt",1,5,"11,369711","11,020117","ns/op",de.adorsys.keycloak.config.model.WorkflowRepresentation#getRestartInProgress,/home/tania/Documentos/ejemplojava/keycloak-config-cli-main/target/classes
"dinamica.MetodoBenchmark.medirMetodo:gc.alloc.rate","avgt",1,5,"1405,156863","1428,501630","MB/sec",de.adorsys.keycloak.config.model.WorkflowRepresentation#getRestartInProgress,/home/tania/Documentos/ejemplojava/keycloak-config-cli-main/target/classes
"dinamica.MetodoBenchmark.medirMetodo:gc.alloc.rate.norm","avgt",1,5,"15,882633","1,011847","B/op",de.adorsys.keycloak.config.model.WorkflowRepresentation#getRestartInProgress,/home/tania/Documentos/ejemplojava/keycloak-config-cli-main/target/classes
"dinamica.MetodoBenchmark.medirMetodo:gc.count","avgt",1,5,"4,000000",NaN,"counts",de.adorsys.keycloak.config.model.WorkflowRepresentation#getRestartInProgress,/home/tania/Documentos/ejemplojava/keycloak-config-cli-main/target/classes
"dinamica.MetodoBenchmark.medirMetodo:gc.time","avgt",1,5,"14,000000",NaN,"ms",de.adorsys.keycloak.config.model.WorkflowRepresentation#getRestartInProgress,/home/tania/Documentos/ejemplojava/keycloak-config-cli-main/target/classes
"dinamica.MetodoBenchmark.medirMetodo","sample",1,65674,"76,197232","10,312060","ns/op",de.adorsys.keycloak.config.model.WorkflowRepresentation#getName,/home/tania/Documentos/ejemplojava/keycloak-config-cli-main/target/classes
"dinamica.MetodoBenchmark.medirMetodo:gc.alloc.rate","sample",1,5,"672,247993","1430,519042","MB/sec",de.adorsys.keycloak.config.model.WorkflowRepresentation#getName,/home/tania/Documentos/ejemplojava/keycloak-config-cli-main/target/classes
"dinamica.MetodoBenchmark.medirMetodo:gc.alloc.rate.norm","sample",1,5,"12,734713","26,528064","B/op",de.adorsys.keycloak.config.model.WorkflowRepresentation#getName,/home/tania/Documentos/ejemplojava/keycloak-config-cli-main/target/classes
"dinamica.MetodoBenchmark.medirMetodo:gc.count","sample",1,5,"3,000000",NaN,"counts",de.adorsys.keycloak.config.model.WorkflowRepresentation#getName,/home/tania/Documentos/ejemplojava/keycloak-config-cli-main/target/classes
"dinamica.MetodoBenchmark.medirMetodo:gc.time","sample",1,5,"11,000000",NaN,"ms",de.adorsys.keycloak.config.model.WorkflowRepresentation#getName,/home/tania/Documentos/ejemplojava/keycloak-config-cli-main/target/classes
"dinamica.MetodoBenchmark.medirMetodo:p0.00","sample",1,1,"37,000000",NaN,"ns/op",de.adorsys.keycloak.config.model.WorkflowRepresentation#getName,/home/tania/Documentos/ejemplojava/keycloak-config-cli-main/target/classes
"dinamica.MetodoBenchmark.medirMetodo:p0.50","sample",1,1,"44,000000",NaN,"ns/op",de.adorsys.keycloak.config.model.WorkflowRepresentation#getName,/home/tania/Documentos/ejemplojava/keycloak-config-cli-main/target/classes
"dinamica.MetodoBenchmark.medirMetodo:p0.90","sample",1,1,"50,000000",NaN,"ns/op",de.adorsys.keycloak.config.model.WorkflowRepresentation#getName,/home/tania/Documentos/ejemplojava/keycloak-config-cli-main/target/classes
"dinamica.MetodoBenchmark.medirMetodo:p0.95","sample",1,1,"65,000000",NaN,"ns/op",de.adorsys.keycloak.config.model.WorkflowRepresentation#getName,/home/tania/Documentos/ejemplojava/keycloak-config-cli-main/target/classes
"dinamica.MetodoBenchmark.medirMetodo:p0.99","sample",1,1,"357,250000",NaN,"ns/op",de.adorsys.keycloak.config.model.WorkflowRepresentation#getName,/home/tania/Documentos/ejemplojava/keycloak-config-cli-main/target/classes
"dinamica.MetodoBenchmark.medirMetodo:p0.999","sample",1,1,"4531,400000",NaN,"ns/op",de.adorsys.keycloak.config.model.WorkflowRepresentation#getName,/home/tania/Documentos/ejemplojava/keycloak-config-cli-main/target/classes
"dinamica.MetodoBenchmark.medirMetodo:p0.9999","sample",1,1,"29662,640000",NaN,"ns/op",de.adorsys.keycloak.config.model.WorkflowRepresentation#getName,/home/tania/Documentos/ejemplojava/keycloak-config-cli-main/target/classes
"dinamica.MetodoBenchmark.medirMetodo:p1.00","sample",1,1,"146176,000000",NaN,"ns/op",de.adorsys.keycloak.config.model.WorkflowRepresentation#getName,/home/tania/Documentos/ejemplojava/keycloak-config-cli-main/target/classes
"dinamica.MetodoBenchmark.medirMetodo","sample",1,70170,"64,067165","8,715138","ns/op",de.adorsys.keycloak.config.model.WorkflowRepresentation#getId,/home/tania/Documentos/ejemplojava/keycloak-config-cli-main/target/classes
"dinamica.MetodoBenchmark.medirMetodo:gc.alloc.rate","sample",1,5,"732,598751","1618,657011","MB/sec",de.adorsys.keycloak.config.model.WorkflowRepresentation#getId,/home/tania/Documentos/ejemplojava/keycloak-config-cli-main/target/classes
"dinamica.MetodoBenchmark.medirMetodo:gc.alloc.rate.norm","sample",1,5,"12,789468","26,823538","B/op",de.adorsys.keycloak.config.model.WorkflowRepresentation#getId,/home/tania/Documentos/ejemplojava/keycloak-config-cli-main/target/classes
"dinamica.MetodoBenchmark.medirMetodo:gc.count","sample",1,5,"3,000000",NaN,"counts",de.adorsys.keycloak.config.model.WorkflowRepresentation#getId,/home/tania/Documentos/ejemplojava/keycloak-config-cli-main/target/classes
"dinamica.MetodoBenchmark.medirMetodo:gc.time","sample",1,5,"11,000000",NaN,"ms",de.adorsys.keycloak.config.model.WorkflowRepresentation#getId,/home/tania/Documentos/ejemplojava/keycloak-config-cli-main/target/classes
"dinamica.MetodoBenchmark.medirMetodo:p0.00","sample",1,1,"39,000000",NaN,"ns/op",de.adorsys.keycloak.config.model.WorkflowRepresentation#getId,/home/tania/Documentos/ejemplojava/keycloak-config-cli-main/target/classes
"dinamica.MetodoBenchmark.medirMetodo:p0.50","sample",1,1,"44,000000",NaN,"ns/op",de.adorsys.keycloak.config.model.WorkflowRepresentation#getId,/home/tania/Documentos/ejemplojava/keycloak-config-cli-main/target/classes
"dinamica.MetodoBenchmark.medirMetodo:p0.90","sample",1,1,"47,000000",NaN,"ns/op",de.adorsys.keycloak.config.model.WorkflowRepresentation#getId,/home/tania/Documentos/ejemplojava/keycloak-config-cli-main/target/classes
"dinamica.MetodoBenchmark.medirMetodo:p0.95","sample",1,1,"55,000000",NaN,"ns/op",de.adorsys.keycloak.config.model.WorkflowRepresentation#getId,/home/tania/Documentos/ejemplojava/keycloak-config-cli-main/target/classes
"dinamica.MetodoBenchmark.medirMetodo:p0.99","sample",1,1,"167,000000",NaN,"ns/op",de.adorsys.keycloak.config.model.WorkflowRepresentation#getId,/home/tania/Documentos/ejemplojava/keycloak-config-cli-main/target/classes
"dinamica.MetodoBenchmark.medirMetodo:p0.999","sample",1,1,"2853,264000",NaN,"ns/op",de.adorsys.keycloak.config.model.WorkflowRepresentation#getId,/home/tania/Documentos/ejemplojava/keycloak-config-cli-main/target/classes
"dinamica.MetodoBenchmark.medirMetodo:p0.9999","sample",1,1,"17611,468800",NaN,"ns/op",de.adorsys.keycloak.config.model.WorkflowRepresentation#getId,/home/tania/Documentos/ejemplojava/keycloak-config-cli-main/target/classes
"dinamica.MetodoBenchmark.medirMetodo:p1.00","sample",1,1,"146944,000000",NaN,"ns/op",de.adorsys.keycloak.config.model.WorkflowRepresentation#getId,/home/tania/Documentos/ejemplojava/keycloak-config-cli-main/target/classes
"dinamica.MetodoBenchmark.medirMetodo","sample",1,71311,"57,000617","2,445268","ns/op",de.adorsys.keycloak.config.model.WorkflowRepresentation#getState,/home/tania/Documentos/ejemplojava/keycloak-config-cli-main/target/classes
"dinamica.MetodoBenchmark.medirMetodo:gc.alloc.rate","sample",1,5,"739,012632","1620,671953","MB/sec",de.adorsys.keycloak.config.model.WorkflowRepresentation#getState,/home/tania/Documentos/ejemplojava/keycloak-config-cli-main/target/classes
"dinamica.MetodoBenchmark.medirMetodo:gc.alloc.rate.norm","sample",1,5,"12,755081","26,801208","B/op",de.adorsys.keycloak.config.model.WorkflowRepresentation#getState,/home/tania/Documentos/ejemplojava/keycloak-config-cli-main/target/classes
"dinamica.MetodoBenchmark.medirMetodo:gc.count","sample",1,5,"3,000000",NaN,"counts",de.adorsys.keycloak.config.model.WorkflowRepresentation#getState,/home/tania/Documentos/ejemplojava/keycloak-config-cli-main/target/classes
"dinamica.MetodoBenchmark.medirMetodo:gc.time","sample",1,5,"11,000000",NaN,"ms",de.adorsys.keycloak.config.model.WorkflowRepresentation#getState,/home/tania/Documentos/ejemplojava/keycloak-config-cli-main/target/classes
"dinamica.MetodoBenchmark.medirMetodo:p0.00","sample",1,1,"38,000000",NaN,"ns/op",de.adorsys.keycloak.config.model.WorkflowRepresentation#getState,/home/tania/Documentos/ejemplojava/keycloak-config-cli-main/target/classes
"dinamica.MetodoBenchmark.medirMetodo:p0.50","sample",1,1,"44,000000",NaN,"ns/op",de.adorsys.keycloak.config.model.WorkflowRepresentation#getState,/home/tania/Documentos/ejemplojava/keycloak-config-cli-main/target/classes
"dinamica.MetodoBenchmark.medirMetodo:p0.90","sample",1,1,"46,000000",NaN,"ns/op",de.adorsys.keycloak.config.model.WorkflowRepresentation#getState,/home/tania/Documentos/ejemplojava/keycloak-config-cli-main/target/classes
"dinamica.MetodoBenchmark.medirMetodo:p0.95","sample",1,1,"51,000000",NaN,"ns/op",de.adorsys.keycloak.config.model.WorkflowRepresentation#getState,/home/tania/Documentos/ejemplojava/keycloak-config-cli-main/target/classes
"dinamica.MetodoBenchmark.medirMetodo:p0.99","sample",1,1,"174,880000",NaN,"ns/op",de.adorsys.keycloak.config.model.WorkflowRepresentation#getState,/home/tania/Documentos/ejemplojava/keycloak-config-cli-main/target/classes
"dinamica.MetodoBenchmark.medirMetodo:p0.999","sample",1,1,"1975,632000",NaN,"ns/op",de.adorsys.keycloak.config.model.WorkflowRepresentation#getState,/home/tania/Documentos/ejemplojava/keycloak-config-cli-main/target/classes
"dinamica.MetodoBenchmark.medirMetodo:p0.9999","sample",1,1,"8489,702400",NaN,"ns/op",de.adorsys.keycloak.config.model.WorkflowRepresentation#getState,/home/tania/Documentos/ejemplojava/keycloak-config-cli-main/target/classes
"dinamica.MetodoBenchmark.medirMetodo:p1.00","sample",1,1,"16384,000000",NaN,"ns/op",de.adorsys.keycloak.config.model.WorkflowRepresentation#getState,/home/tania/Documentos/ejemplojava/keycloak-config-cli-main/target/classes
"dinamica.MetodoBenchmark.medirMetodo","sample",1,67821,"101,943248","16,973035","ns/op",de.adorsys.keycloak.config.model.WorkflowRepresentation#getEnabled,/home/tania/Documentos/ejemplojava/keycloak-config-cli-main/target/classes
"dinamica.MetodoBenchmark.medirMetodo:gc.alloc.rate","sample",1,5,"615,156933","1381,949322","MB/sec",de.adorsys.keycloak.config.model.WorkflowRepresentation#getEnabled,/home/tania/Documentos/ejemplojava/keycloak-config-cli-main/target/classes
"dinamica.MetodoBenchmark.medirMetodo:gc.alloc.rate.norm","sample",1,5,"12,732305","26,748762","B/op",de.adorsys.keycloak.config.model.WorkflowRepresentation#getEnabled,/home/tania/Documentos/ejemplojava/keycloak-config-cli-main/target/classes
"dinamica.MetodoBenchmark.medirMetodo:gc.count","sample",1,5,"3,000000",NaN,"counts",de.adorsys.keycloak.config.model.WorkflowRepresentation#getEnabled,/home/tania/Documentos/ejemplojava/keycloak-config-cli-main/target/classes
"dinamica.MetodoBenchmark.medirMetodo:gc.time","sample",1,5,"11,000000",NaN,"ms",de.adorsys.keycloak.config.model.WorkflowRepresentation#getEnabled,/home/tania/Documentos/ejemplojava/keycloak-config-cli-main/target/classes
"dinamica.MetodoBenchmark.medirMetodo:p0.00","sample",1,1,"39,000000",NaN,"ns/op",de.adorsys.keycloak.config.model.WorkflowRepresentation#getEnabled,/home/tania/Documentos/ejemplojava/keycloak-config-cli-main/target/classes
"dinamica.MetodoBenchmark.medirMetodo:p0.50","sample",1,1,"44,000000",NaN,"ns/op",de.adorsys.keycloak.config.model.WorkflowRepresentation#getEnabled,/home/tania/Documentos/ejemplojava/keycloak-config-cli-main/target/classes
"dinamica.MetodoBenchmark.medirMetodo:p0.90","sample",1,1,"56,000000",NaN,"ns/op",de.adorsys.keycloak.config.model.WorkflowRepresentation#getEnabled,/home/tania/Documentos/ejemplojava/keycloak-config-cli-main/target/classes
"dinamica.MetodoBenchmark.medirMetodo:p0.95","sample",1,1,"78,000000",NaN,"ns/op",de.adorsys.keycloak.config.model.WorkflowRepresentation#getEnabled,/home/tania/Documentos/ejemplojava/keycloak-config-cli-main/target/classes
"dinamica.MetodoBenchmark.medirMetodo:p0.99","sample",1,1,"1614,000000",NaN,"ns/op",de.adorsys.keycloak.config.model.WorkflowRepresentation#getEnabled,/home/tania/Documentos/ejemplojava/keycloak-config-cli-main/target/classes
"dinamica.MetodoBenchmark.medirMetodo:p0.999","sample",1,1,"7369,088000",NaN,"ns/op",de.adorsys.keycloak.config.model.WorkflowRepresentation#getEnabled,/home/tania/Documentos/ejemplojava/keycloak-config-cli-main/target/classes
"dinamica.MetodoBenchmark.medirMetodo:p0.9999","sample",1,1,"38108,940800",NaN,"ns/op",de.adorsys.keycloak.config.model.WorkflowRepresentation#getEnabled,/home/tania/Documentos/ejemplojava/keycloak-config-cli-main/target/classes
"dinamica.MetodoBenchmark.medirMetodo:p1.00","sample",1,1,"290304,000000",NaN,"ns/op",de.adorsys.keycloak.config.model.WorkflowRepresentation#getEnabled,/home/tania/Documentos/ejemplojava/keycloak-config-cli-main/target/classes
"dinamica.MetodoBenchmark.medirMetodo","sample",1,72319,"84,200127","6,199823","ns/op",de.adorsys.keycloak.config.model.WorkflowRepresentation#getOn,/home/tania/Documentos/ejemplojava/keycloak-config-cli-main/target/classes
"dinamica.MetodoBenchmark.medirMetodo:gc.alloc.rate","sample",1,5,"460,958288","1025,196816","MB/sec",de.adorsys.keycloak.config.model.WorkflowRepresentation#getOn,/home/tania/Documentos/ejemplojava/keycloak-config-cli-main/target/classes
"dinamica.MetodoBenchmark.medirMetodo:gc.alloc.rate.norm","sample",1,5,"12,801373","26,431356","B/op",de.adorsys.keycloak.config.model.WorkflowRepresentation#getOn,/home/tania/Documentos/ejemplojava/keycloak-config-cli-main/target/classes
"dinamica.MetodoBenchmark.medirMetodo:gc.count","sample",1,5,"2,000000",NaN,"counts",de.adorsys.keycloak.config.model.WorkflowRepresentation#getOn,/home/tania/Documentos/ejemplojava/keycloak-config-cli-main/target/classes
"dinamica.MetodoBenchmark.medirMetodo:gc.time","sample",1,5,"12,000000",NaN,"ms",de.adorsys.keycloak.config.model.WorkflowRepresentation#getOn,/home/tania/Documentos/ejemplojava/keycloak-config-cli-main/target/classes
"dinamica.MetodoBenchmark.medirMetodo:p0.00","sample",1,1,"39,000000",NaN,"ns/op",de.adorsys.keycloak.config.model.WorkflowRepresentation#getOn,/home/tania/Documentos/ejemplojava/keycloak-config-cli-main/target/classes
"dinamica.MetodoBenchmark.medirMetodo:p0.50","sample",1,1,"49,000000",NaN,"ns/op",de.adorsys.keycloak.config.model.WorkflowRepresentation#getOn,/home/tania/Documentos/ejemplojava/keycloak-config-cli-main/target/classes
"dinamica.MetodoBenchmark.medirMetodo:p0.90","sample",1,1,"71,000000",NaN,"ns/op",de.adorsys.keycloak.config.model.WorkflowRepresentation#getOn,/home/tania/Documentos/ejemplojava/keycloak-config-cli-main/target/classes
"dinamica.MetodoBenchmark.medirMetodo:p0.95","sample",1,1,"91,000000",NaN,"ns/op",de.adorsys.keycloak.config.model.WorkflowRepresentation#getOn,/home/tania/Documentos/ejemplojava/keycloak-config-cli-main/target/classes
"dinamica.MetodoBenchmark.medirMetodo:p0.99","sample",1,1,"1469,600000",NaN,"ns/op",de.adorsys.keycloak.config.model.WorkflowRepresentation#getOn,/home/tania/Documentos/ejemplojava/keycloak-config-cli-main/target/classes
"dinamica.MetodoBenchmark.medirMetodo:p0.999","sample",1,1,"4798,080000",NaN,"ns/op",de.adorsys.keycloak.config.model.WorkflowRepresentation#getOn,/home/tania/Documentos/ejemplojava/keycloak-config-cli-main/target/classes
"dinamica.MetodoBenchmark.medirMetodo:p0.9999","sample",1,1,"22197,248000",NaN,"ns/op",de.adorsys.keycloak.config.model.WorkflowRepresentation#getOn,/home/tania/Documentos/ejemplojava/keycloak-config-cli-main/target/classes
"dinamica.MetodoBenchmark.medirMetodo:p1.00","sample",1,1,"54528,000000",NaN,"ns/op",de.adorsys.keycloak.config.model.WorkflowRepresentation#getOn,/home/tania/Documentos/ejemplojava/keycloak-config-cli-main/target/classes
"dinamica.MetodoBenchmark.medirMetodo","sample",1,75081,"82,120683","11,802738","ns/op",de.adorsys.keycloak.config.model.WorkflowRepresentation#getSchedule,/home/tania/Documentos/ejemplojava/keycloak-config-cli-main/target/classes
"dinamica.MetodoBenchmark.medirMetodo:gc.alloc.rate","sample",1,5,"589,263718","1290,803674","MB/sec",de.adorsys.keycloak.config.model.WorkflowRepresentation#getSchedule,/home/tania/Documentos/ejemplojava/keycloak-config-cli-main/target/classes
"dinamica.MetodoBenchmark.medirMetodo:gc.alloc.rate.norm","sample",1,5,"12,629919","26,469209","B/op",de.adorsys.keycloak.config.model.WorkflowRepresentation#getSchedule,/home/tania/Documentos/ejemplojava/keycloak-config-cli-main/target/classes
"dinamica.MetodoBenchmark.medirMetodo:gc.count","sample",1,5,"3,000000",NaN,"counts",de.adorsys.keycloak.config.model.WorkflowRepresentation#getSchedule,/home/tania/Documentos/ejemplojava/keycloak-config-cli-main/target/classes
"dinamica.MetodoBenchmark.medirMetodo:gc.time","sample",1,5,"12,000000",NaN,"ms",de.adorsys.keycloak.config.model.WorkflowRepresentation#getSchedule,/home/tania/Documentos/ejemplojava/keycloak-config-cli-main/target/classes
"dinamica.MetodoBenchmark.medirMetodo:p0.00","sample",1,1,"36,000000",NaN,"ns/op",de.adorsys.keycloak.config.model.WorkflowRepresentation#getSchedule,/home/tania/Documentos/ejemplojava/keycloak-config-cli-main/target/classes
"dinamica.MetodoBenchmark.medirMetodo:p0.50","sample",1,1,"44,000000",NaN,"ns/op",de.adorsys.keycloak.config.model.WorkflowRepresentation#getSchedule,/home/tania/Documentos/ejemplojava/keycloak-config-cli-main/target/classes
"dinamica.MetodoBenchmark.medirMetodo:p0.90","sample",1,1,"65,000000",NaN,"ns/op",de.adorsys.keycloak.config.model.WorkflowRepresentation#getSchedule,/home/tania/Documentos/ejemplojava/keycloak-config-cli-main/target/classes
"dinamica.MetodoBenchmark.medirMetodo:p0.95","sample",1,1,"80,000000",NaN,"ns/op",de.adorsys.keycloak.config.model.WorkflowRepresentation#getSchedule,/home/tania/Documentos/ejemplojava/keycloak-config-cli-main/target/classes
"dinamica.MetodoBenchmark.medirMetodo:p0.99","sample",1,1,"456,000000",NaN,"ns/op",de.adorsys.keycloak.config.model.WorkflowRepresentation#getSchedule,/home/tania/Documentos/ejemplojava/keycloak-config-cli-main/target/classes
"dinamica.MetodoBenchmark.medirMetodo:p0.999","sample",1,1,"5261,376000",NaN,"ns/op",de.adorsys.keycloak.config.model.WorkflowRepresentation#getSchedule,/home/tania/Documentos/ejemplojava/keycloak-config-cli-main/target/classes
"dinamica.MetodoBenchmark.medirMetodo:p0.9999","sample",1,1,"29515,532800",NaN,"ns/op",de.adorsys.keycloak.config.model.WorkflowRepresentation#getSchedule,/home/tania/Documentos/ejemplojava/keycloak-config-cli-main/target/classes
"dinamica.MetodoBenchmark.medirMetodo:p1.00","sample",1,1,"189440,000000",NaN,"ns/op",de.adorsys.keycloak.config.model.WorkflowRepresentation#getSchedule,/home/tania/Documentos/ejemplojava/keycloak-config-cli-main/target/classes
"dinamica.MetodoBenchmark.medirMetodo","sample",1,71763,"71,197246","3,828670","ns/op",de.adorsys.keycloak.config.model.WorkflowRepresentation#getConcurrency,/home/tania/Documentos/ejemplojava/keycloak-config-cli-main/target/classes
"dinamica.MetodoBenchmark.medirMetodo:gc.alloc.rate","sample",1,5,"743,613660","1618,716652","MB/sec",de.adorsys.keycloak.config.model.WorkflowRepresentation#getConcurrency,/home/tania/Documentos/ejemplojava/keycloak-config-cli-main/target/classes
"dinamica.MetodoBenchmark.medirMetodo:gc.alloc.rate.norm","sample",1,5,"12,766302","26,683835","B/op",de.adorsys.keycloak.config.model.WorkflowRepresentation#getConcurrency,/home/tania/Documentos/ejemplojava/keycloak-config-cli-main/target/classes
"dinamica.MetodoBenchmark.medirMetodo:gc.count","sample",1,5,"3,000000",NaN,"counts",de.adorsys.keycloak.config.model.WorkflowRepresentation#getConcurrency,/home/tania/Documentos/ejemplojava/keycloak-config-cli-main/target/classes
"dinamica.MetodoBenchmark.medirMetodo:gc.time","sample",1,5,"10,000000",NaN,"ms",de.adorsys.keycloak.config.model.WorkflowRepresentation#getConcurrency,/home/tania/Documentos/ejemplojava/keycloak-config-cli-main/target/classes
"dinamica.MetodoBenchmark.medirMetodo:p0.00","sample",1,1,"37,000000",NaN,"ns/op",de.adorsys.keycloak.config.model.WorkflowRepresentation#getConcurrency,/home/tania/Documentos/ejemplojava/keycloak-config-cli-main/target/classes
"dinamica.MetodoBenchmark.medirMetodo:p0.50","sample",1,1,"44,000000",NaN,"ns/op",de.adorsys.keycloak.config.model.WorkflowRepresentation#getConcurrency,/home/tania/Documentos/ejemplojava/keycloak-config-cli-main/target/classes
"dinamica.MetodoBenchmark.medirMetodo:p0.90","sample",1,1,"46,000000",NaN,"ns/op",de.adorsys.keycloak.config.model.WorkflowRepresentation#getConcurrency,/home/tania/Documentos/ejemplojava/keycloak-config-cli-main/target/classes
"dinamica.MetodoBenchmark.medirMetodo:p0.95","sample",1,1,"52,000000",NaN,"ns/op",de.adorsys.keycloak.config.model.WorkflowRepresentation#getConcurrency,/home/tania/Documentos/ejemplojava/keycloak-config-cli-main/target/classes
"dinamica.MetodoBenchmark.medirMetodo:p0.99","sample",1,1,"1494,160000",NaN,"ns/op",de.adorsys.keycloak.config.model.WorkflowRepresentation#getConcurrency,/home/tania/Documentos/ejemplojava/keycloak-config-cli-main/target/classes
"dinamica.MetodoBenchmark.medirMetodo:p0.999","sample",1,1,"4477,664000",NaN,"ns/op",de.adorsys.keycloak.config.model.WorkflowRepresentation#getConcurrency,/home/tania/Documentos/ejemplojava/keycloak-config-cli-main/target/classes
"dinamica.MetodoBenchmark.medirMetodo:p0.9999","sample",1,1,"10202,355200",NaN,"ns/op",de.adorsys.keycloak.config.model.WorkflowRepresentation#getConcurrency,/home/tania/Documentos/ejemplojava/keycloak-config-cli-main/target/classes
"dinamica.MetodoBenchmark.medirMetodo:p1.00","sample",1,1,"28832,000000",NaN,"ns/op",de.adorsys.keycloak.config.model.WorkflowRepresentation#getConcurrency,/home/tania/Documentos/ejemplojava/keycloak-config-cli-main/target/classes
"dinamica.MetodoBenchmark.medirMetodo","sample",1,71565,"65,305107","3,373478","ns/op",de.adorsys.keycloak.config.model.WorkflowRepresentation#getCondition,/home/tania/Documentos/ejemplojava/keycloak-config-cli-main/target/classes
"dinamica.MetodoBenchmark.medirMetodo:gc.alloc.rate","sample",1,5,"743,117584","1609,080970","MB/sec",de.adorsys.keycloak.config.model.WorkflowRepresentation#getCondition,/home/tania/Documentos/ejemplojava/keycloak-config-cli-main/target/classes
"dinamica.MetodoBenchmark.medirMetodo:gc.alloc.rate.norm","sample",1,5,"12,808654","26,651533","B/op",de.adorsys.keycloak.config.model.WorkflowRepresentation#getCondition,/home/tania/Documentos/ejemplojava/keycloak-config-cli-main/target/classes
"dinamica.MetodoBenchmark.medirMetodo:gc.count","sample",1,5,"3,000000",NaN,"counts",de.adorsys.keycloak.config.model.WorkflowRepresentation#getCondition,/home/tania/Documentos/ejemplojava/keycloak-config-cli-main/target/classes
"dinamica.MetodoBenchmark.medirMetodo:gc.time","sample",1,5,"14,000000",NaN,"ms",de.adorsys.keycloak.config.model.WorkflowRepresentation#getCondition,/home/tania/Documentos/ejemplojava/keycloak-config-cli-main/target/classes
"dinamica.MetodoBenchmark.medirMetodo:p0.00","sample",1,1,"37,000000",NaN,"ns/op",de.adorsys.keycloak.config.model.WorkflowRepresentation#getCondition,/home/tania/Documentos/ejemplojava/keycloak-config-cli-main/target/classes
"dinamica.MetodoBenchmark.medirMetodo:p0.50","sample",1,1,"44,000000",NaN,"ns/op",de.adorsys.keycloak.config.model.WorkflowRepresentation#getCondition,/home/tania/Documentos/ejemplojava/keycloak-config-cli-main/target/classes
"dinamica.MetodoBenchmark.medirMetodo:p0.90","sample",1,1,"46,000000",NaN,"ns/op",de.adorsys.keycloak.config.model.WorkflowRepresentation#getCondition,/home/tania/Documentos/ejemplojava/keycloak-config-cli-main/target/classes
"dinamica.MetodoBenchmark.medirMetodo:p0.95","sample",1,1,"52,000000",NaN,"ns/op",de.adorsys.keycloak.config.model.WorkflowRepresentation#getCondition,/home/tania/Documentos/ejemplojava/keycloak-config-cli-main/target/classes
"dinamica.MetodoBenchmark.medirMetodo:p0.99","sample",1,1,"370,680000",NaN,"ns/op",de.adorsys.keycloak.config.model.WorkflowRepresentation#getCondition,/home/tania/Documentos/ejemplojava/keycloak-config-cli-main/target/classes
"dinamica.MetodoBenchmark.medirMetodo:p0.999","sample",1,1,"3702,120000",NaN,"ns/op",de.adorsys.keycloak.config.model.WorkflowRepresentation#getCondition,/home/tania/Documentos/ejemplojava/keycloak-config-cli-main/target/classes
"dinamica.MetodoBenchmark.medirMetodo:p0.9999","sample",1,1,"10211,472000",NaN,"ns/op",de.adorsys.keycloak.config.model.WorkflowRepresentation#getCondition,/home/tania/Documentos/ejemplojava/keycloak-config-cli-main/target/classes
"dinamica.MetodoBenchmark.medirMetodo:p1.00","sample",1,1,"21248,000000",NaN,"ns/op",de.adorsys.keycloak.config.model.WorkflowRepresentation#getCondition,/home/tania/Documentos/ejemplojava/keycloak-config-cli-main/target/classes
"dinamica.MetodoBenchmark.medirMetodo","sample",1,73011,"69,241333","5,352274","ns/op",de.adorsys.keycloak.config.model.WorkflowRepresentation#getSteps,/home/tania/Documentos/ejemplojava/keycloak-config-cli-main/target/classes
"dinamica.MetodoBenchmark.medirMetodo:gc.alloc.rate","sample",1,5,"645,815840","1431,628621","MB/sec",de.adorsys.keycloak.config.model.WorkflowRepresentation#getSteps,/home/tania/Documentos/ejemplojava/keycloak-config-cli-main/target/classes
"dinamica.MetodoBenchmark.medirMetodo:gc.alloc.rate.norm","sample",1,5,"12,846574","27,102438","B/op",de.adorsys.keycloak.config.model.WorkflowRepresentation#getSteps,/home/tania/Documentos/ejemplojava/keycloak-config-cli-main/target/classes
"dinamica.MetodoBenchmark.medirMetodo:gc.count","sample",1,5,"3,000000",NaN,"counts",de.adorsys.keycloak.config.model.WorkflowRepresentation#getSteps,/home/tania/Documentos/ejemplojava/keycloak-config-cli-main/target/classes
"dinamica.MetodoBenchmark.medirMetodo:gc.time","sample",1,5,"11,000000",NaN,"ms",de.adorsys.keycloak.config.model.WorkflowRepresentation#getSteps,/home/tania/Documentos/ejemplojava/keycloak-config-cli-main/target/classes
"dinamica.MetodoBenchmark.medirMetodo:p0.00","sample",1,1,"36,000000",NaN,"ns/op",de.adorsys.keycloak.config.model.WorkflowRepresentation#getSteps,/home/tania/Documentos/ejemplojava/keycloak-config-cli-main/target/classes
"dinamica.MetodoBenchmark.medirMetodo:p0.50","sample",1,1,"44,000000",NaN,"ns/op",de.adorsys.keycloak.config.model.WorkflowRepresentation#getSteps,/home/tania/Documentos/ejemplojava/keycloak-config-cli-main/target/classes
"dinamica.MetodoBenchmark.medirMetodo:p0.90","sample",1,1,"52,000000",NaN,"ns/op",de.adorsys.keycloak.config.model.WorkflowRepresentation#getSteps,/home/tania/Documentos/ejemplojava/keycloak-config-cli-main/target/classes
"dinamica.MetodoBenchmark.medirMetodo:p0.95","sample",1,1,"69,000000",NaN,"ns/op",de.adorsys.keycloak.config.model.WorkflowRepresentation#getSteps,/home/tania/Documentos/ejemplojava/keycloak-config-cli-main/target/classes
"dinamica.MetodoBenchmark.medirMetodo:p0.99","sample",1,1,"266,880000",NaN,"ns/op",de.adorsys.keycloak.config.model.WorkflowRepresentation#getSteps,/home/tania/Documentos/ejemplojava/keycloak-config-cli-main/target/classes
"dinamica.MetodoBenchmark.medirMetodo:p0.999","sample",1,1,"3331,904000",NaN,"ns/op",de.adorsys.keycloak.config.model.WorkflowRepresentation#getSteps,/home/tania/Documentos/ejemplojava/keycloak-config-cli-main/target/classes
"dinamica.MetodoBenchmark.medirMetodo:p0.9999","sample",1,1,"17004,723200",NaN,"ns/op",de.adorsys.keycloak.config.model.WorkflowRepresentation#getSteps,/home/tania/Documentos/ejemplojava/keycloak-config-cli-main/target/classes
"dinamica.MetodoBenchmark.medirMetodo:p1.00","sample",1,1,"61952,000000",NaN,"ns/op",de.adorsys.keycloak.config.model.WorkflowRepresentation#getSteps,/home/tania/Documentos/ejemplojava/keycloak-config-cli-main/target/classes
"dinamica.MetodoBenchmark.medirMetodo","sample",1,73606,"91,128318","16,298361","ns/op",de.adorsys.keycloak.config.model.WorkflowRepresentation#getCancelInProgress,/home/tania/Documentos/ejemplojava/keycloak-config-cli-main/target/classes
"dinamica.MetodoBenchmark.medirMetodo:gc.alloc.rate","sample",1,5,"760,664098","1703,181571","MB/sec",de.adorsys.keycloak.config.model.WorkflowRepresentation#getCancelInProgress,/home/tania/Documentos/ejemplojava/keycloak-config-cli-main/target/classes
"dinamica.MetodoBenchmark.medirMetodo:gc.alloc.rate.norm","sample",1,5,"12,767092","26,908756","B/op",de.adorsys.keycloak.config.model.WorkflowRepresentation#getCancelInProgress,/home/tania/Documentos/ejemplojava/keycloak-config-cli-main/target/classes
"dinamica.MetodoBenchmark.medirMetodo:gc.count","sample",1,5,"3,000000",NaN,"counts",de.adorsys.keycloak.config.model.WorkflowRepresentation#getCancelInProgress,/home/tania/Documentos/ejemplojava/keycloak-config-cli-main/target/classes
"dinamica.MetodoBenchmark.medirMetodo:gc.time","sample",1,5,"10,000000",NaN,"ms",de.adorsys.keycloak.config.model.WorkflowRepresentation#getCancelInProgress,/home/tania/Documentos/ejemplojava/keycloak-config-cli-main/target/classes
"dinamica.MetodoBenchmark.medirMetodo:p0.00","sample",1,1,"39,000000",NaN,"ns/op",de.adorsys.keycloak.config.model.WorkflowRepresentation#getCancelInProgress,/home/tania/Documentos/ejemplojava/keycloak-config-cli-main/target/classes
"dinamica.MetodoBenchmark.medirMetodo:p0.50","sample",1,1,"44,000000",NaN,"ns/op",de.adorsys.keycloak.config.model.WorkflowRepresentation#getCancelInProgress,/home/tania/Documentos/ejemplojava/keycloak-config-cli-main/target/classes
"dinamica.MetodoBenchmark.medirMetodo:p0.90","sample",1,1,"47,000000",NaN,"ns/op",de.adorsys.keycloak.config.model.WorkflowRepresentation#getCancelInProgress,/home/tania/Documentos/ejemplojava/keycloak-config-cli-main/target/classes
"dinamica.MetodoBenchmark.medirMetodo:p0.95","sample",1,1,"54,000000",NaN,"ns/op",de.adorsys.keycloak.config.model.WorkflowRepresentation#getCancelInProgress,/home/tania/Documentos/ejemplojava/keycloak-config-cli-main/target/classes
"dinamica.MetodoBenchmark.medirMetodo:p0.99","sample",1,1,"1621,860000",NaN,"ns/op",de.adorsys.keycloak.config.model.WorkflowRepresentation#getCancelInProgress,/home/tania/Documentos/ejemplojava/keycloak-config-cli-main/target/classes
"dinamica.MetodoBenchmark.medirMetodo:p0.999","sample",1,1,"4955,144000",NaN,"ns/op",de.adorsys.keycloak.config.model.WorkflowRepresentation#getCancelInProgress,/home/tania/Documentos/ejemplojava/keycloak-config-cli-main/target/classes
"dinamica.MetodoBenchmark.medirMetodo:p0.9999","sample",1,1,"23912,355200",NaN,"ns/op",de.adorsys.keycloak.config.model.WorkflowRepresentation#getCancelInProgress,/home/tania/Documentos/ejemplojava/keycloak-config-cli-main/target/classes
"dinamica.MetodoBenchmark.medirMetodo:p1.00","sample",1,1,"295936,000000",NaN,"ns/op",de.adorsys.keycloak.config.model.WorkflowRepresentation#getCancelInProgress,/home/tania/Documentos/ejemplojava/keycloak-config-cli-main/target/classes
"dinamica.MetodoBenchmark.medirMetodo","sample",1,73006,"75,932896","4,515189","ns/op",de.adorsys.keycloak.config.model.WorkflowRepresentation#getRestartInProgress,/home/tania/Documentos/ejemplojava/keycloak-config-cli-main/target/classes
"dinamica.MetodoBenchmark.medirMetodo:gc.alloc.rate","sample",1,5,"753,369774","1639,435932","MB/sec",de.adorsys.keycloak.config.model.WorkflowRepresentation#getRestartInProgress,/home/tania/Documentos/ejemplojava/keycloak-config-cli-main/target/classes
"dinamica.MetodoBenchmark.medirMetodo:gc.alloc.rate.norm","sample",1,5,"12,816975","26,842670","B/op",de.adorsys.keycloak.config.model.WorkflowRepresentation#getRestartInProgress,/home/tania/Documentos/ejemplojava/keycloak-config-cli-main/target/classes
"dinamica.MetodoBenchmark.medirMetodo:gc.count","sample",1,5,"3,000000",NaN,"counts",de.adorsys.keycloak.config.model.WorkflowRepresentation#getRestartInProgress,/home/tania/Documentos/ejemplojava/keycloak-config-cli-main/target/classes
"dinamica.MetodoBenchmark.medirMetodo:gc.time","sample",1,5,"11,000000",NaN,"ms",de.adorsys.keycloak.config.model.WorkflowRepresentation#getRestartInProgress,/home/tania/Documentos/ejemplojava/keycloak-config-cli-main/target/classes
"dinamica.MetodoBenchmark.medirMetodo:p0.00","sample",1,1,"37,000000",NaN,"ns/op",de.adorsys.keycloak.config.model.WorkflowRepresentation#getRestartInProgress,/home/tania/Documentos/ejemplojava/keycloak-config-cli-main/target/classes
"dinamica.MetodoBenchmark.medirMetodo:p0.50","sample",1,1,"44,000000",NaN,"ns/op",de.adorsys.keycloak.config.model.WorkflowRepresentation#getRestartInProgress,/home/tania/Documentos/ejemplojava/keycloak-config-cli-main/target/classes
"dinamica.MetodoBenchmark.medirMetodo:p0.90","sample",1,1,"47,000000",NaN,"ns/op",de.adorsys.keycloak.config.model.WorkflowRepresentation#getRestartInProgress,/home/tania/Documentos/ejemplojava/keycloak-config-cli-main/target/classes
"dinamica.MetodoBenchmark.medirMetodo:p0.95","sample",1,1,"53,000000",NaN,"ns/op",de.adorsys.keycloak.config.model.WorkflowRepresentation#getRestartInProgress,/home/tania/Documentos/ejemplojava/keycloak-config-cli-main/target/classes
"dinamica.MetodoBenchmark.medirMetodo:p0.99","sample",1,1,"1498,000000",NaN,"ns/op",de.adorsys.keycloak.config.model.WorkflowRepresentation#getRestartInProgress,/home/tania/Documentos/ejemplojava/keycloak-config-cli-main/target/classes
"dinamica.MetodoBenchmark.medirMetodo:p0.999","sample",1,1,"4616,000000",NaN,"ns/op",de.adorsys.keycloak.config.model.WorkflowRepresentation#getRestartInProgress,/home/tania/Documentos/ejemplojava/keycloak-config-cli-main/target/classes
"dinamica.MetodoBenchmark.medirMetodo:p0.9999","sample",1,1,"14407,830400",NaN,"ns/op",de.adorsys.keycloak.config.model.WorkflowRepresentation#getRestartInProgress,/home/tania/Documentos/ejemplojava/keycloak-config-cli-main/target/classes
"dinamica.MetodoBenchmark.medirMetodo:p1.00","sample",1,1,"34752,000000",NaN,"ns/op",de.adorsys.keycloak.config.model.WorkflowRepresentation#getRestartInProgress,/home/tania/Documentos/ejemplojava/keycloak-config-cli-main/target/classes
"dinamica.MetodoBenchmark.medirMetodo","ss",1,5,"28515,200000","128697,800028","ns/op",de.adorsys.keycloak.config.model.WorkflowRepresentation#getName,/home/tania/Documentos/ejemplojava/keycloak-config-cli-main/target/classes
"dinamica.MetodoBenchmark.medirMetodo:gc.alloc.rate","ss",1,5,"13,488636","17,411806","MB/sec",de.adorsys.keycloak.config.model.WorkflowRepresentation#getName,/home/tania/Documentos/ejemplojava/keycloak-config-cli-main/target/classes
"dinamica.MetodoBenchmark.medirMetodo:gc.alloc.rate.norm","ss",1,5,"6747,200000","27,552965","B/op",de.adorsys.keycloak.config.model.WorkflowRepresentation#getName,/home/tania/Documentos/ejemplojava/keycloak-config-cli-main/target/classes
"dinamica.MetodoBenchmark.medirMetodo:gc.count","ss",1,5,"0,000000",NaN,"counts",de.adorsys.keycloak.config.model.WorkflowRepresentation#getName,/home/tania/Documentos/ejemplojava/keycloak-config-cli-main/target/classes
"dinamica.MetodoBenchmark.medirMetodo","ss",1,5,"17442,400000","59669,329053","ns/op",de.adorsys.keycloak.config.model.WorkflowRepresentation#getId,/home/tania/Documentos/ejemplojava/keycloak-config-cli-main/target/classes
"dinamica.MetodoBenchmark.medirMetodo:gc.alloc.rate","ss",1,5,"10,899389","7,704463","MB/sec",de.adorsys.keycloak.config.model.WorkflowRepresentation#getId,/home/tania/Documentos/ejemplojava/keycloak-config-cli-main/target/classes
"dinamica.MetodoBenchmark.medirMetodo:gc.alloc.rate.norm","ss",1,5,"6747,200000","27,552965","B/op",de.adorsys.keycloak.config.model.WorkflowRepresentation#getId,/home/tania/Documentos/ejemplojava/keycloak-config-cli-main/target/classes
"dinamica.MetodoBenchmark.medirMetodo:gc.count","ss",1,5,"0,000000",NaN,"counts",de.adorsys.keycloak.config.model.WorkflowRepresentation#getId,/home/tania/Documentos/ejemplojava/keycloak-config-cli-main/target/classes
"dinamica.MetodoBenchmark.medirMetodo","ss",1,5,"13456,600000","29015,654151","ns/op",de.adorsys.keycloak.config.model.WorkflowRepresentation#getState,/home/tania/Documentos/ejemplojava/keycloak-config-cli-main/target/classes
"dinamica.MetodoBenchmark.medirMetodo:gc.alloc.rate","ss",1,5,"17,801060","14,031532","MB/sec",de.adorsys.keycloak.config.model.WorkflowRepresentation#getState,/home/tania/Documentos/ejemplojava/keycloak-config-cli-main/target/classes
"dinamica.MetodoBenchmark.medirMetodo:gc.alloc.rate.norm","ss",1,5,"6747,200000","27,552965","B/op",de.adorsys.keycloak.config.model.WorkflowRepresentation#getState,/home/tania/Documentos/ejemplojava/keycloak-config-cli-main/target/classes
"dinamica.MetodoBenchmark.medirMetodo:gc.count","ss",1,5,"0,000000",NaN,"counts",de.adorsys.keycloak.config.model.WorkflowRepresentation#getState,/home/tania/Documentos/ejemplojava/keycloak-config-cli-main/target/classes
"dinamica.MetodoBenchmark.medirMetodo","ss",1,5,"14916,600000","44042,192926","ns/op",de.adorsys.keycloak.config.model.WorkflowRepresentation#getEnabled,/home/tania/Documentos/ejemplojava/keycloak-config-cli-main/target/classes
"dinamica.MetodoBenchmark.medirMetodo:gc.alloc.rate","ss",1,5,"17,078860","5,954766","MB/sec",de.adorsys.keycloak.config.model.WorkflowRepresentation#getEnabled,/home/tania/Documentos/ejemplojava/keycloak-config-cli-main/target/classes
"dinamica.MetodoBenchmark.medirMetodo:gc.alloc.rate.norm","ss",1,5,"6747,200000","27,552965","B/op",de.adorsys.keycloak.config.model.WorkflowRepresentation#getEnabled,/home/tania/Documentos/ejemplojava/keycloak-config-cli-main/target/classes
"dinamica.MetodoBenchmark.medirMetodo:gc.count","ss",1,5,"0,000000",NaN,"counts",de.adorsys.keycloak.config.model.WorkflowRepresentation#getEnabled,/home/tania/Documentos/ejemplojava/keycloak-config-cli-main/target/classes
"dinamica.MetodoBenchmark.medirMetodo","ss",1,5,"39138,000000","235549,749166","ns/op",de.adorsys.keycloak.config.model.WorkflowRepresentation#getOn,/home/tania/Documentos/ejemplojava/keycloak-config-cli-main/target/classes
"dinamica.MetodoBenchmark.medirMetodo:gc.alloc.rate","ss",1,5,"10,229726","18,193032","MB/sec",de.adorsys.keycloak.config.model.WorkflowRepresentation#getOn,/home/tania/Documentos/ejemplojava/keycloak-config-cli-main/target/classes
"dinamica.MetodoBenchmark.medirMetodo:gc.alloc.rate.norm","ss",1,5,"6747,200000","27,552965","B/op",de.adorsys.keycloak.config.model.WorkflowRepresentation#getOn,/home/tania/Documentos/ejemplojava/keycloak-config-cli-main/target/classes
"dinamica.MetodoBenchmark.medirMetodo:gc.count","ss",1,5,"0,000000",NaN,"counts",de.adorsys.keycloak.config.model.WorkflowRepresentation#getOn,/home/tania/Documentos/ejemplojava/keycloak-config-cli-main/target/classes
"dinamica.MetodoBenchmark.medirMetodo","ss",1,5,"68059,800000","514196,750413","ns/op",de.adorsys.keycloak.config.model.WorkflowRepresentation#getSchedule,/home/tania/Documentos/ejemplojava/keycloak-config-cli-main/target/classes
"dinamica.MetodoBenchmark.medirMetodo:gc.alloc.rate","ss",1,5,"15,435669","40,562654","MB/sec",de.adorsys.keycloak.config.model.WorkflowRepresentation#getSchedule,/home/tania/Documentos/ejemplojava/keycloak-config-cli-main/target/classes
"dinamica.MetodoBenchmark.medirMetodo:gc.alloc.rate.norm","ss",1,5,"6728,000000","123,220606","B/op",de.adorsys.keycloak.config.model.WorkflowRepresentation#getSchedule,/home/tania/Documentos/ejemplojava/keycloak-config-cli-main/target/classes
"dinamica.MetodoBenchmark.medirMetodo:gc.count","ss",1,5,"0,000000",NaN,"counts",de.adorsys.keycloak.config.model.WorkflowRepresentation#getSchedule,/home/tania/Documentos/ejemplojava/keycloak-config-cli-main/target/classes
"dinamica.MetodoBenchmark.medirMetodo","ss",1,5,"15903,600000","38230,892241","ns/op",de.adorsys.keycloak.config.model.WorkflowRepresentation#getConcurrency,/home/tania/Documentos/ejemplojava/keycloak-config-cli-main/target/classes
"dinamica.MetodoBenchmark.medirMetodo:gc.alloc.rate","ss",1,5,"17,933217","11,600990","MB/sec",de.adorsys.keycloak.config.model.WorkflowRepresentation#getConcurrency,/home/tania/Documentos/ejemplojava/keycloak-config-cli-main/target/classes
"dinamica.MetodoBenchmark.medirMetodo:gc.alloc.rate.norm","ss",1,5,"6747,200000","27,552965","B/op",de.adorsys.keycloak.config.model.WorkflowRepresentation#getConcurrency,/home/tania/Documentos/ejemplojava/keycloak-config-cli-main/target/classes
"dinamica.MetodoBenchmark.medirMetodo:gc.count","ss",1,5,"0,000000",NaN,"counts",de.adorsys.keycloak.config.model.WorkflowRepresentation#getConcurrency,/home/tania/Documentos/ejemplojava/keycloak-config-cli-main/target/classes
"dinamica.MetodoBenchmark.medirMetodo","ss",1,5,"19697,000000","68318,820501","ns/op",de.adorsys.keycloak.config.model.WorkflowRepresentation#getCondition,/home/tania/Documentos/ejemplojava/keycloak-config-cli-main/target/classes
"dinamica.MetodoBenchmark.medirMetodo:gc.alloc.rate","ss",1,5,"10,479379","34,140070","MB/sec",de.adorsys.keycloak.config.model.WorkflowRepresentation#getCondition,/home/tania/Documentos/ejemplojava/keycloak-config-cli-main/target/classes
"dinamica.MetodoBenchmark.medirMetodo:gc.alloc.rate.norm","ss",1,5,"6747,200000","27,552965","B/op",de.adorsys.keycloak.config.model.WorkflowRepresentation#getCondition,/home/tania/Documentos/ejemplojava/keycloak-config-cli-main/target/classes
"dinamica.MetodoBenchmark.medirMetodo:gc.count","ss",1,5,"0,000000",NaN,"counts",de.adorsys.keycloak.config.model.WorkflowRepresentation#getCondition,/home/tania/Documentos/ejemplojava/keycloak-config-cli-main/target/classes
"dinamica.MetodoBenchmark.medirMetodo","ss",1,5,"21738,600000","92186,897609","ns/op",de.adorsys.keycloak.config.model.WorkflowRepresentation#getSteps,/home/tania/Documentos/ejemplojava/keycloak-config-cli-main/target/classes
"dinamica.MetodoBenchmark.medirMetodo:gc.alloc.rate","ss",1,5,"18,355953","10,018311","MB/sec",de.adorsys.keycloak.config.model.WorkflowRepresentation#getSteps,/home/tania/Documentos/ejemplojava/keycloak-config-cli-main/target/classes
"dinamica.MetodoBenchmark.medirMetodo:gc.alloc.rate.norm","ss",1,5,"6747,200000","27,552965","B/op",de.adorsys.keycloak.config.model.WorkflowRepresentation#getSteps,/home/tania/Documentos/ejemplojava/keycloak-config-cli-main/target/classes
"dinamica.MetodoBenchmark.medirMetodo:gc.count","ss",1,5,"0,000000",NaN,"counts",de.adorsys.keycloak.config.model.WorkflowRepresentation#getSteps,/home/tania/Documentos/ejemplojava/keycloak-config-cli-main/target/classes
"dinamica.MetodoBenchmark.medirMetodo","ss",1,5,"25668,600000","115776,906257","ns/op",de.adorsys.keycloak.config.model.WorkflowRepresentation#getCancelInProgress,/home/tania/Documentos/ejemplojava/keycloak-config-cli-main/target/classes
"dinamica.MetodoBenchmark.medirMetodo:gc.alloc.rate","ss",1,5,"15,122289","12,966866","MB/sec",de.adorsys.keycloak.config.model.WorkflowRepresentation#getCancelInProgress,/home/tania/Documentos/ejemplojava/keycloak-config-cli-main/target/classes
"dinamica.MetodoBenchmark.medirMetodo:gc.alloc.rate.norm","ss",1,5,"6747,200000","27,552965","B/op",de.adorsys.keycloak.config.model.WorkflowRepresentation#getCancelInProgress,/home/tania/Documentos/ejemplojava/keycloak-config-cli-main/target/classes
"dinamica.MetodoBenchmark.medirMetodo:gc.count","ss",1,5,"0,000000",NaN,"counts",de.adorsys.keycloak.config.model.WorkflowRepresentation#getCancelInProgress,/home/tania/Documentos/ejemplojava/keycloak-config-cli-main/target/classes
"dinamica.MetodoBenchmark.medirMetodo","ss",1,5,"17234,400000","63844,973278","ns/op",de.adorsys.keycloak.config.model.WorkflowRepresentation#getRestartInProgress,/home/tania/Documentos/ejemplojava/keycloak-config-cli-main/target/classes
"dinamica.MetodoBenchmark.medirMetodo:gc.alloc.rate","ss",1,5,"17,464018","15,864614","MB/sec",de.adorsys.keycloak.config.model.WorkflowRepresentation#getRestartInProgress,/home/tania/Documentos/ejemplojava/keycloak-config-cli-main/target/classes
"dinamica.MetodoBenchmark.medirMetodo:gc.alloc.rate.norm","ss",1,5,"6747,200000","27,552965","B/op",de.adorsys.keycloak.config.model.WorkflowRepresentation#getRestartInProgress,/home/tania/Documentos/ejemplojava/keycloak-config-cli-main/target/classes
"dinamica.MetodoBenchmark.medirMetodo:gc.count","ss",1,5,"0,000000",NaN,"counts",de.adorsys.keycloak.config.model.WorkflowRepresentation#getRestartInProgress,/home/tania/Documentos/ejemplojava/keycloak-config-cli-main/target/classes
